/*
Navicat MySQL Data Transfer

Source Server         : localhost
Source Server Version : 50547
Source Host           : localhost:3306
Source Database       : ds

Target Server Type    : MYSQL
Target Server Version : 50547
File Encoding         : 65001

Date: 2016-04-29 11:03:08
*/

SET FOREIGN_KEY_CHECKS=0;

-- ----------------------------
-- Table structure for ds_bill
-- ----------------------------
DROP TABLE IF EXISTS `ds_bill`;
CREATE TABLE `ds_bill` (
  `bill_id` int(11) NOT NULL AUTO_INCREMENT COMMENT 'id',
  `user_id` int(11) DEFAULT NULL COMMENT '用户id',
  `kind_id` int(11) DEFAULT NULL COMMENT '食材种类id',
  `food_id` int(11) DEFAULT NULL COMMENT '食材名称id',
  `bill_price` decimal(4,1) DEFAULT NULL COMMENT '单价',
  `bill_sum` decimal(4,1) DEFAULT NULL COMMENT '数量',
  `bill_total` decimal(10,2) DEFAULT NULL COMMENT '总价',
  `bill_date` date DEFAULT NULL COMMENT '日期',
  PRIMARY KEY (`bill_id`)
) ENGINE=InnoDB DEFAULT CHARSET=utf8 COMMENT='订单';

-- ----------------------------
-- Records of ds_bill
-- ----------------------------

-- ----------------------------
-- Table structure for ds_food
-- ----------------------------
DROP TABLE IF EXISTS `ds_food`;
CREATE TABLE `ds_food` (
  `food_id` int(11) NOT NULL AUTO_INCREMENT COMMENT 'id',
  `kind_id` int(11) DEFAULT NULL COMMENT '种类id',
  `food_name` varchar(45) DEFAULT NULL COMMENT '名称',
  `food_unit` varchar(45) DEFAULT NULL COMMENT '单位',
  `food_default_price` decimal(4,1) DEFAULT NULL COMMENT '默认价格',
  PRIMARY KEY (`food_id`)
) ENGINE=InnoDB AUTO_INCREMENT=788 DEFAULT CHARSET=utf8 COMMENT='食材名称';

-- ----------------------------
-- Records of ds_food
-- ----------------------------
INSERT INTO `ds_food` VALUES ('1', '1', '大  葱', '斤', '5.5');
INSERT INTO `ds_food` VALUES ('2', '1', '尖  椒', '斤', '2.2');
INSERT INTO `ds_food` VALUES ('3', '1', '胡萝卜', '斤', '3.5');
INSERT INTO `ds_food` VALUES ('4', '1', '大白菜', '斤', '1.0');
INSERT INTO `ds_food` VALUES ('5', '1', '架豆王', '斤', '5.0');
INSERT INTO `ds_food` VALUES ('6', '1', '紫茄子', '斤', '2.0');
INSERT INTO `ds_food` VALUES ('7', '1', '甘  蓝', '斤', '1.8');
INSERT INTO `ds_food` VALUES ('8', '1', '新土豆', '斤', '3.0');
INSERT INTO `ds_food` VALUES ('9', '1', '小白菜', '斤', '1.2');
INSERT INTO `ds_food` VALUES ('10', '1', '柿  子', '斤', '3.0');
INSERT INTO `ds_food` VALUES ('11', '1', '圆  葱', '斤', '2.0');
INSERT INTO `ds_food` VALUES ('12', '1', '黄  瓜', '斤', '1.5');
INSERT INTO `ds_food` VALUES ('13', '1', '青黄豆', '斤', '3.5');
INSERT INTO `ds_food` VALUES ('14', '1', '萝卜干', '斤', '7.0');
INSERT INTO `ds_food` VALUES ('15', '1', '油  菜', '斤', '1.5');
INSERT INTO `ds_food` VALUES ('16', '1', '白萝卜', '斤', '1.5');
INSERT INTO `ds_food` VALUES ('17', '1', '南  瓜', '斤', '2.5');
INSERT INTO `ds_food` VALUES ('18', '1', '蒜  苗', '斤', '8.0');
INSERT INTO `ds_food` VALUES ('19', '1', '菜  花', '斤', '2.0');
INSERT INTO `ds_food` VALUES ('20', '1', '香  菜', '斤', '5.5');
INSERT INTO `ds_food` VALUES ('21', '1', '大麻椒', '斤', '2.0');
INSERT INTO `ds_food` VALUES ('22', '1', '蒜  薹', '斤', '4.8');
INSERT INTO `ds_food` VALUES ('23', '1', '茼  蒿', '斤', '3.0');
INSERT INTO `ds_food` VALUES ('24', '1', '豆  芽', '斤', '1.5');
INSERT INTO `ds_food` VALUES ('25', '1', '黄豆芽', '斤', '1.5');
INSERT INTO `ds_food` VALUES ('26', '1', '油麦菜', '斤', '2.5');
INSERT INTO `ds_food` VALUES ('27', '1', '芹  菜', '斤', '1.6');
INSERT INTO `ds_food` VALUES ('28', '1', '菠  菜', '斤', '1.5');
INSERT INTO `ds_food` VALUES ('29', '1', '绿茄子', '斤', '2.2');
INSERT INTO `ds_food` VALUES ('30', '1', '青  椒', '斤', '2.0');
INSERT INTO `ds_food` VALUES ('31', '1', '韭  菜', '斤', '1.8');
INSERT INTO `ds_food` VALUES ('32', '1', '地  瓜', '斤', '2.8');
INSERT INTO `ds_food` VALUES ('33', '1', '红萝卜', '斤', '1.2');
INSERT INTO `ds_food` VALUES ('34', '1', '西兰花', '斤', '6.5');
INSERT INTO `ds_food` VALUES ('35', '1', '金针磨', '斤', '2.6');
INSERT INTO `ds_food` VALUES ('36', '1', '角  瓜', '斤', '1.8');
INSERT INTO `ds_food` VALUES ('37', '1', '生  菜', '斤', '1.0');
INSERT INTO `ds_food` VALUES ('38', '1', '莲  藕', '斤', '3.8');
INSERT INTO `ds_food` VALUES ('39', '1', '奶白菜', '斤', '6.8');
INSERT INTO `ds_food` VALUES ('40', '1', '鸡腿菇', '斤', '6.0');
INSERT INTO `ds_food` VALUES ('41', '1', '江豆', '斤', '7.0');
INSERT INTO `ds_food` VALUES ('42', '1', '冬瓜', '斤', '6.5');
INSERT INTO `ds_food` VALUES ('43', '1', '苦苣', '斤', '2.0');
INSERT INTO `ds_food` VALUES ('44', '1', '香葱', '斤', '6.0');
INSERT INTO `ds_food` VALUES ('45', '1', '鲜  磨', '斤', '2.0');
INSERT INTO `ds_food` VALUES ('46', '1', '香  菇', '斤', '3.5');
INSERT INTO `ds_food` VALUES ('47', '1', '杏鲍菇', '斤', '3.8');
INSERT INTO `ds_food` VALUES ('48', '1', '带皮大蒜', '斤', '6.5');
INSERT INTO `ds_food` VALUES ('49', '1', '新  姜', '斤', '3.0');
INSERT INTO `ds_food` VALUES ('50', '1', '水萝卜', '斤', '2.5');
INSERT INTO `ds_food` VALUES ('51', '1', '娃娃菜', '袋', '6.5');
INSERT INTO `ds_food` VALUES ('52', '1', '小土豆', '斤', '3.0');
INSERT INTO `ds_food` VALUES ('53', '1', '荷兰豆', '斤', '12.0');
INSERT INTO `ds_food` VALUES ('54', '1', '苦瓜', '斤', '3.8');
INSERT INTO `ds_food` VALUES ('55', '1', '西芹', '斤', '4.2');
INSERT INTO `ds_food` VALUES ('56', '1', '青笋', '斤', '4.5');
INSERT INTO `ds_food` VALUES ('57', '1', '山药', '斤', '4.0');
INSERT INTO `ds_food` VALUES ('58', '1', '海白菜', '斤', '4.0');
INSERT INTO `ds_food` VALUES ('59', '1', '有机菜花', '斤', '7.5');
INSERT INTO `ds_food` VALUES ('60', '1', '鹿角菜', '斤', '10.0');
INSERT INTO `ds_food` VALUES ('61', '1', '小红辣椒', '斤', '11.0');
INSERT INTO `ds_food` VALUES ('62', '1', '豌豆', '斤', '4.5');
INSERT INTO `ds_food` VALUES ('63', '1', '面豆', '斤', '5.5');
INSERT INTO `ds_food` VALUES ('64', '1', '莴笋', '斤', '4.5');
INSERT INTO `ds_food` VALUES ('65', '1', '梅菜', '斤', '3.5');
INSERT INTO `ds_food` VALUES ('66', '1', '青豆', '斤', '3.0');
INSERT INTO `ds_food` VALUES ('67', '1', '小豆芽', '斤', '2.5');
INSERT INTO `ds_food` VALUES ('68', '1', '茶树菇', '斤', '7.5');
INSERT INTO `ds_food` VALUES ('69', '1', '水果黄瓜', '斤', '3.5');
INSERT INTO `ds_food` VALUES ('70', '1', '玉米棒', '袋', '5.0');
INSERT INTO `ds_food` VALUES ('71', '1', '酸菜', '袋', '2.5');
INSERT INTO `ds_food` VALUES ('72', '1', '小葱', '斤', '2.5');
INSERT INTO `ds_food` VALUES ('73', '1', '旱黄瓜', '斤', '3.5');
INSERT INTO `ds_food` VALUES ('74', '1', '红尖椒', '斤', '10.0');
INSERT INTO `ds_food` VALUES ('75', '1', '茭白', '斤', '8.5');
INSERT INTO `ds_food` VALUES ('76', '1', '香芹', '斤', '5.0');
INSERT INTO `ds_food` VALUES ('77', '1', '西生菜', '斤', '4.5');
INSERT INTO `ds_food` VALUES ('78', '1', '秋葵', '斤', '13.0');
INSERT INTO `ds_food` VALUES ('79', '1', '菜心', '斤', '4.5');
INSERT INTO `ds_food` VALUES ('80', '1', '滑子磨', '斤', '9.0');
INSERT INTO `ds_food` VALUES ('81', '1', '穿心莲', '斤', '4.5');
INSERT INTO `ds_food` VALUES ('82', '1', '芥蓝', '斤', '4.5');
INSERT INTO `ds_food` VALUES ('83', '1', '藕片', '袋', '5.5');
INSERT INTO `ds_food` VALUES ('84', '1', '干葱头', '斤', '4.5');
INSERT INTO `ds_food` VALUES ('85', '1', '杭椒', '斤', '8.0');
INSERT INTO `ds_food` VALUES ('86', '1', '茶树菇', '斤', '7.5');
INSERT INTO `ds_food` VALUES ('87', '1', '紫园葱', '斤', '4.0');
INSERT INTO `ds_food` VALUES ('88', '1', '白芸豆', '斤', '5.8');
INSERT INTO `ds_food` VALUES ('89', '1', '松麽', '斤', '55.0');
INSERT INTO `ds_food` VALUES ('90', '1', '小水罗卜', '斤', '2.5');
INSERT INTO `ds_food` VALUES ('91', '1', '杂菌', '袋', '6.5');
INSERT INTO `ds_food` VALUES ('92', '1', '紫生菜', '斤', '3.5');
INSERT INTO `ds_food` VALUES ('93', '1', '香芹', '斤', '4.5');
INSERT INTO `ds_food` VALUES ('94', '1', '香椿芽', '斤', '15.0');
INSERT INTO `ds_food` VALUES ('95', '1', '刺嫩芽', '斤', '35.0');
INSERT INTO `ds_food` VALUES ('96', '1', '芋头', '斤', '5.5');
INSERT INTO `ds_food` VALUES ('97', '1', '苦菜', '斤', '15.0');
INSERT INTO `ds_food` VALUES ('98', '1', '口蘑', '斤', '8.0');
INSERT INTO `ds_food` VALUES ('99', '1', '脱水金针菇', '袋', '15.0');
INSERT INTO `ds_food` VALUES ('100', '1', '彩椒', '斤', '12.0');
INSERT INTO `ds_food` VALUES ('101', '1', '针磨', '斤', '50.0');
INSERT INTO `ds_food` VALUES ('102', '1', '红磨', '斤', '100.0');
INSERT INTO `ds_food` VALUES ('103', '1', '荷兰黄瓜', '斤', '4.5');
INSERT INTO `ds_food` VALUES ('104', '1', '黄花菜', '斤', '35.0');
INSERT INTO `ds_food` VALUES ('105', '1', '茴香', '斤', '3.0');
INSERT INTO `ds_food` VALUES ('106', '1', '罗汉笋', '袋', '7.5');
INSERT INTO `ds_food` VALUES ('107', '1', '四川芽菜', '袋', '5.0');
INSERT INTO `ds_food` VALUES ('108', '1', '苏子叶', '袋', '22.0');
INSERT INTO `ds_food` VALUES ('109', '1', '丝瓜', '斤', '5.0');
INSERT INTO `ds_food` VALUES ('110', '1', '韭黄', '斤', '13.0');
INSERT INTO `ds_food` VALUES ('111', '1', '紫薯', '斤', '5.5');
INSERT INTO `ds_food` VALUES ('112', '1', '空心菜', '斤', '6.0');
INSERT INTO `ds_food` VALUES ('113', '1', '香葱', '斤', '7.5');
INSERT INTO `ds_food` VALUES ('114', '2', '哈密瓜', '斤', '4.5');
INSERT INTO `ds_food` VALUES ('115', '2', '苹果', '斤', '3.2');
INSERT INTO `ds_food` VALUES ('116', '2', '白梨', '斤', '3.0');
INSERT INTO `ds_food` VALUES ('117', '2', '丑橘', '斤', '6.5');
INSERT INTO `ds_food` VALUES ('118', '2', '香蕉', '斤', '5.5');
INSERT INTO `ds_food` VALUES ('119', '2', '橘子', '斤', '2.5');
INSERT INTO `ds_food` VALUES ('120', '2', '橙子', '斤', '3.5');
INSERT INTO `ds_food` VALUES ('121', '2', '菠萝', '斤', '4.0');
INSERT INTO `ds_food` VALUES ('122', '2', '火龙果', '斤', '6.5');
INSERT INTO `ds_food` VALUES ('123', '2', '圣女果', '斤', '5.0');
INSERT INTO `ds_food` VALUES ('124', '2', '皇冠梨', '斤', '3.0');
INSERT INTO `ds_food` VALUES ('125', '2', '西瓜', '斤', '4.0');
INSERT INTO `ds_food` VALUES ('126', '2', '猕猴桃', '斤', '7.0');
INSERT INTO `ds_food` VALUES ('127', '2', '砂糖橘', '斤', '3.8');
INSERT INTO `ds_food` VALUES ('128', '2', '柚子', '斤', '3.2');
INSERT INTO `ds_food` VALUES ('129', '2', '草莓', '斤', '12.0');
INSERT INTO `ds_food` VALUES ('130', '2', '桂圆', '斤', '7.5');
INSERT INTO `ds_food` VALUES ('131', '2', '山竹', '斤', '16.5');
INSERT INTO `ds_food` VALUES ('132', '2', '水晶葡萄', '斤', '18.0');
INSERT INTO `ds_food` VALUES ('133', '2', '油桃', '斤', '12.0');
INSERT INTO `ds_food` VALUES ('134', '2', '白兰瓜', '斤', '6.0');
INSERT INTO `ds_food` VALUES ('135', '2', '香瓜', '斤', '12.0');
INSERT INTO `ds_food` VALUES ('136', '2', '芒果', '斤', '10.0');
INSERT INTO `ds_food` VALUES ('137', '2', '黑提', '斤', '22.0');
INSERT INTO `ds_food` VALUES ('138', '2', '柠檬', '个', '5.0');
INSERT INTO `ds_food` VALUES ('139', '3', '踏板鱼', '斤', '85.0');
INSERT INTO `ds_food` VALUES ('140', '3', '文蛤', '斤', '15.0');
INSERT INTO `ds_food` VALUES ('141', '3', '切蟹', '斤', '15.0');
INSERT INTO `ds_food` VALUES ('142', '3', '多春鱼', '斤', '13.0');
INSERT INTO `ds_food` VALUES ('143', '3', '棒鱼干', '斤', '60.0');
INSERT INTO `ds_food` VALUES ('144', '3', '晶鱼', '斤', '28.0');
INSERT INTO `ds_food` VALUES ('145', '3', '切屑', '盒', '15.0');
INSERT INTO `ds_food` VALUES ('146', '3', '青虾', '盒', '140.0');
INSERT INTO `ds_food` VALUES ('147', '3', '青虾', '件', '999.9');
INSERT INTO `ds_food` VALUES ('148', '3', '鱿鱼头', '件', '75.0');
INSERT INTO `ds_food` VALUES ('149', '3', '海螺', '斤', '28.0');
INSERT INTO `ds_food` VALUES ('150', '3', '海黄花', '斤', '45.0');
INSERT INTO `ds_food` VALUES ('151', '3', '华鲁子鱼', '斤', '15.0');
INSERT INTO `ds_food` VALUES ('152', '3', '河蟹', '斤', '45.0');
INSERT INTO `ds_food` VALUES ('153', '3', '九兔鱼', '斤', '18.0');
INSERT INTO `ds_food` VALUES ('154', '3', '海黄鱼', '斤', '45.0');
INSERT INTO `ds_food` VALUES ('155', '3', '大宝鱼', '斤', '30.0');
INSERT INTO `ds_food` VALUES ('156', '3', '扇贝', '斤', '35.0');
INSERT INTO `ds_food` VALUES ('157', '3', '海蛎子', '斤', '18.0');
INSERT INTO `ds_food` VALUES ('158', '3', '鲜鲅鱼', '斤', '35.0');
INSERT INTO `ds_food` VALUES ('159', '3', '虾爬子', '斤', '38.0');
INSERT INTO `ds_food` VALUES ('160', '3', '海参', '斤', '130.0');
INSERT INTO `ds_food` VALUES ('161', '3', '青班', '斤', '48.0');
INSERT INTO `ds_food` VALUES ('162', '3', '平鱼', '斤', '25.0');
INSERT INTO `ds_food` VALUES ('163', '3', '三道麟鱼', '斤', '8.0');
INSERT INTO `ds_food` VALUES ('164', '3', '雅片鱼', '斤', '30.0');
INSERT INTO `ds_food` VALUES ('165', '3', '鱿鱼板', '斤', '12.0');
INSERT INTO `ds_food` VALUES ('166', '3', '飞蟹', '斤', '82.0');
INSERT INTO `ds_food` VALUES ('167', '3', '桂鱼', '斤', '45.0');
INSERT INTO `ds_food` VALUES ('168', '3', '鲅  鱼', '斤', '7.5');
INSERT INTO `ds_food` VALUES ('169', '3', '青  鱼', '斤', '6.5');
INSERT INTO `ds_food` VALUES ('170', '3', '鱿  鱼', '斤', '8.8');
INSERT INTO `ds_food` VALUES ('171', '3', '黄花鱼', '斤', '9.0');
INSERT INTO `ds_food` VALUES ('172', '3', '刀  鱼', '斤', '13.0');
INSERT INTO `ds_food` VALUES ('173', '3', '鳕  鱼', '斤', '7.0');
INSERT INTO `ds_food` VALUES ('174', '3', '大偏口鱼', '斤', '8.5');
INSERT INTO `ds_food` VALUES ('175', '3', '青  虾', '斤', '35.0');
INSERT INTO `ds_food` VALUES ('176', '3', '冰  虾', '斤', '35.0');
INSERT INTO `ds_food` VALUES ('177', '3', '紫虾', '斤', '32.0');
INSERT INTO `ds_food` VALUES ('178', '3', '鲫鱼', '斤', '10.0');
INSERT INTO `ds_food` VALUES ('179', '3', '小河虾', '斤', '15.0');
INSERT INTO `ds_food` VALUES ('180', '3', '大鱿鱼', '斤', '8.8');
INSERT INTO `ds_food` VALUES ('181', '3', '蛎蝗', '斤', '15.0');
INSERT INTO `ds_food` VALUES ('182', '3', '鱿鱼圈', '斤', '8.5');
INSERT INTO `ds_food` VALUES ('183', '3', '大黄花鱼', '斤', '26.0');
INSERT INTO `ds_food` VALUES ('184', '3', '蛰皮', '斤', '13.0');
INSERT INTO `ds_food` VALUES ('185', '3', '鲤鱼', '斤', '6.5');
INSERT INTO `ds_food` VALUES ('186', '3', '花蚬子', '斤', '6.0');
INSERT INTO `ds_food` VALUES ('187', '3', '黄蚬子', '斤', '16.0');
INSERT INTO `ds_food` VALUES ('188', '3', '白蚬子', '斤', '16.0');
INSERT INTO `ds_food` VALUES ('189', '3', '花鲢鱼', '斤', '8.8');
INSERT INTO `ds_food` VALUES ('190', '3', '小人鲜', '斤', '18.0');
INSERT INTO `ds_food` VALUES ('191', '3', '泥鳅鱼', '斤', '25.0');
INSERT INTO `ds_food` VALUES ('192', '3', '明太鱼', '斤', '48.0');
INSERT INTO `ds_food` VALUES ('193', '3', '武昌鱼', '斤', '14.5');
INSERT INTO `ds_food` VALUES ('194', '3', '墨鱼', '斤', '13.0');
INSERT INTO `ds_food` VALUES ('195', '3', '扒皮鱼', '斤', '8.0');
INSERT INTO `ds_food` VALUES ('196', '3', '鲈鱼', '斤', '20.0');
INSERT INTO `ds_food` VALUES ('197', '3', '虾仁', '斤', '25.0');
INSERT INTO `ds_food` VALUES ('198', '3', '海蜇头', '斤', '10.0');
INSERT INTO `ds_food` VALUES ('199', '3', '杂拌鱼', '斤', '8.0');
INSERT INTO `ds_food` VALUES ('200', '3', '蚕蛹', '斤', '15.5');
INSERT INTO `ds_food` VALUES ('201', '3', '镜鱼', '斤', '28.0');
INSERT INTO `ds_food` VALUES ('202', '3', '紫虾', '件', '365.0');
INSERT INTO `ds_food` VALUES ('203', '3', '干虾仁', '斤', '25.0');
INSERT INTO `ds_food` VALUES ('204', '3', '明太鱼', '斤', '48.0');
INSERT INTO `ds_food` VALUES ('205', '3', '白花鱼', '斤', '30.0');
INSERT INTO `ds_food` VALUES ('206', '3', '多宝鱼', '斤', '21.0');
INSERT INTO `ds_food` VALUES ('207', '3', '草鱼', '斤', '9.0');
INSERT INTO `ds_food` VALUES ('208', '3', '黑鱼', '斤', '13.0');
INSERT INTO `ds_food` VALUES ('209', '3', '胖头鱼头', '斤', '13.5');
INSERT INTO `ds_food` VALUES ('210', '3', '鲶鱼', '斤', '7.5');
INSERT INTO `ds_food` VALUES ('211', '4', '鸡蛋', '斤', '3.9');
INSERT INTO `ds_food` VALUES ('212', '4', '鸭蛋', '个', '1.5');
INSERT INTO `ds_food` VALUES ('213', '4', '笨鸡蛋', '斤', '9.0');
INSERT INTO `ds_food` VALUES ('214', '4', '去皮鹌鹑蛋', '斤', '8.0');
INSERT INTO `ds_food` VALUES ('215', '4', '鹌鹑蛋', '斤', '6.5');
INSERT INTO `ds_food` VALUES ('216', '4', '鹌鹑蛋', '瓶', '8.0');
INSERT INTO `ds_food` VALUES ('239', '5', '面点碱', '袋', '2.2');
INSERT INTO `ds_food` VALUES ('240', '5', '芝  麻', '斤', '13.0');
INSERT INTO `ds_food` VALUES ('241', '5', '孜  然', '斤', '13.0');
INSERT INTO `ds_food` VALUES ('242', '5', '一品鲜酱油', '瓶', '7.5');
INSERT INTO `ds_food` VALUES ('243', '5', '海天老抽王', '桶', '16.0');
INSERT INTO `ds_food` VALUES ('244', '5', '麻  酱', '瓶', '7.0');
INSERT INTO `ds_food` VALUES ('245', '5', '海天生抽', '桶', '16.0');
INSERT INTO `ds_food` VALUES ('246', '5', '东古蚝油', '桶', '16.0');
INSERT INTO `ds_food` VALUES ('247', '5', '酱料包', '袋', '4.5');
INSERT INTO `ds_food` VALUES ('248', '5', '甜面酱', '袋', '1.6');
INSERT INTO `ds_food` VALUES ('249', '5', '利民蒜蓉辣酱', '袋', '1.6');
INSERT INTO `ds_food` VALUES ('250', '5', '细辣椒面', '斤', '8.0');
INSERT INTO `ds_food` VALUES ('251', '5', '香甜泡打粉', '袋', '2.1');
INSERT INTO `ds_food` VALUES ('252', '5', '皮  蛋', '盒', '10.0');
INSERT INTO `ds_food` VALUES ('253', '5', '海  米', '斤', '15.0');
INSERT INTO `ds_food` VALUES ('254', '5', '小咸鱼', '斤', '18.0');
INSERT INTO `ds_food` VALUES ('255', '5', '干海带', '斤', '10.0');
INSERT INTO `ds_food` VALUES ('256', '5', '花生米', '斤', '7.5');
INSERT INTO `ds_food` VALUES ('257', '5', '榨菜丝', '斤', '2.0');
INSERT INTO `ds_food` VALUES ('258', '5', '康佳腐竹', '袋', '3.5');
INSERT INTO `ds_food` VALUES ('259', '5', '龙口粉丝', '袋', '2.5');
INSERT INTO `ds_food` VALUES ('260', '5', '粉  条', '斤', '3.0');
INSERT INTO `ds_food` VALUES ('261', '5', '木  耳', '斤', '45.0');
INSERT INTO `ds_food` VALUES ('262', '5', '紫  菜', '袋', '2.5');
INSERT INTO `ds_food` VALUES ('263', '5', '什锦罐头', '大瓶', '18.0');
INSERT INTO `ds_food` VALUES ('264', '5', '梅  菜', '斤', '3.5');
INSERT INTO `ds_food` VALUES ('265', '5', '海新豆沙', '袋', '2.2');
INSERT INTO `ds_food` VALUES ('266', '5', '酵母', '块', '16.0');
INSERT INTO `ds_food` VALUES ('267', '5', '臭豆腐', '瓶', '7.5');
INSERT INTO `ds_food` VALUES ('268', '5', '蘸料', '袋', '5.5');
INSERT INTO `ds_food` VALUES ('269', '5', '红九九底料', '袋', '9.0');
INSERT INTO `ds_food` VALUES ('270', '5', '豆豉鲮鱼', '盒', '7.0');
INSERT INTO `ds_food` VALUES ('271', '5', '醋精', '瓶', '3.5');
INSERT INTO `ds_food` VALUES ('272', '5', '皮蛋', '个', '1.5');
INSERT INTO `ds_food` VALUES ('273', '5', '鸡汁', '瓶', '9.5');
INSERT INTO `ds_food` VALUES ('274', '5', '海底捞', '袋', '15.0');
INSERT INTO `ds_food` VALUES ('275', '5', '生抽', '瓶', '6.5');
INSERT INTO `ds_food` VALUES ('276', '5', '紫菜', '斤', '45.0');
INSERT INTO `ds_food` VALUES ('277', '5', '鸡粉', '件', '160.0');
INSERT INTO `ds_food` VALUES ('278', '5', '老干妈辣酱', '件', '180.0');
INSERT INTO `ds_food` VALUES ('279', '5', '老干妈辣酱', '瓶', '6.5');
INSERT INTO `ds_food` VALUES ('280', '5', '海花精盐', '袋', '1.5');
INSERT INTO `ds_food` VALUES ('281', '5', '红梅味素', '袋', '28.0');
INSERT INTO `ds_food` VALUES ('282', '5', '白  糖', '斤', '3.5');
INSERT INTO `ds_food` VALUES ('283', '5', '豆中宝', '袋', '1.5');
INSERT INTO `ds_food` VALUES ('284', '5', '金森番茄酱', '袋', '1.5');
INSERT INTO `ds_food` VALUES ('285', '5', '天鹅火锅料', '袋', '3.5');
INSERT INTO `ds_food` VALUES ('286', '5', '粗辣椒面', '斤', '7.0');
INSERT INTO `ds_food` VALUES ('287', '5', '晶琳红糖', '袋', '2.5');
INSERT INTO `ds_food` VALUES ('288', '5', '玉米淀粉', '袋', '20.0');
INSERT INTO `ds_food` VALUES ('289', '5', '红干椒', '斤', '8.0');
INSERT INTO `ds_food` VALUES ('290', '5', '青花醋', '袋', '1.2');
INSERT INTO `ds_food` VALUES ('291', '5', '十三香', '条', '18.0');
INSERT INTO `ds_food` VALUES ('292', '5', '花  椒', '斤', '45.0');
INSERT INTO `ds_food` VALUES ('293', '5', '大  料', '斤', '15.0');
INSERT INTO `ds_food` VALUES ('294', '5', '水塔陈醋', '瓶', '4.0');
INSERT INTO `ds_food` VALUES ('295', '5', '料  酒', '瓶', '3.5');
INSERT INTO `ds_food` VALUES ('296', '5', '水煮肉料', '袋', '5.5');
INSERT INTO `ds_food` VALUES ('297', '5', '水煮鱼料', '袋', '5.5');
INSERT INTO `ds_food` VALUES ('298', '5', '炖肉料', '袋', '1.5');
INSERT INTO `ds_food` VALUES ('299', '5', '丹丹豆瓣酱', '袋', '3.5');
INSERT INTO `ds_food` VALUES ('300', '5', '中味乡香油', '瓶', '10.0');
INSERT INTO `ds_food` VALUES ('301', '5', '黎红麻油', '瓶', '17.0');
INSERT INTO `ds_food` VALUES ('302', '5', '拌馅料', '袋', '1.2');
INSERT INTO `ds_food` VALUES ('303', '5', '糯米粉', '袋', '3.0');
INSERT INTO `ds_food` VALUES ('304', '5', '干黄豆', '斤', '3.0');
INSERT INTO `ds_food` VALUES ('305', '5', '大豆沙', '袋', '12.0');
INSERT INTO `ds_food` VALUES ('306', '5', '改良剂', '袋', '10.0');
INSERT INTO `ds_food` VALUES ('307', '5', '塔塔粉', '桶', '80.0');
INSERT INTO `ds_food` VALUES ('308', '5', '海天黄豆酱', '桶', '35.0');
INSERT INTO `ds_food` VALUES ('309', '5', '生粉', '袋', '28.0');
INSERT INTO `ds_food` VALUES ('310', '5', '耗油', '瓶', '8.5');
INSERT INTO `ds_food` VALUES ('311', '5', '黄花菜', '斤', '35.0');
INSERT INTO `ds_food` VALUES ('312', '5', '银耳', '袋', '45.0');
INSERT INTO `ds_food` VALUES ('313', '5', '小天鹅火锅底料', '件', '208.0');
INSERT INTO `ds_food` VALUES ('314', '5', '胡椒粉', '袋', '6.5');
INSERT INTO `ds_food` VALUES ('315', '5', '海天黄豆酱', '件', '65.0');
INSERT INTO `ds_food` VALUES ('316', '5', '黄豆酱', '袋', '3.5');
INSERT INTO `ds_food` VALUES ('317', '5', '香油', '件', '170.0');
INSERT INTO `ds_food` VALUES ('318', '5', '耗油', '件', '68.0');
INSERT INTO `ds_food` VALUES ('319', '5', '厥根粉', '袋', '3.5');
INSERT INTO `ds_food` VALUES ('320', '5', '郫县豆瓣酱', '桶', '15.0');
INSERT INTO `ds_food` VALUES ('321', '5', '好人家', '件', '255.0');
INSERT INTO `ds_food` VALUES ('322', '5', '李锦记蒜蓉辣酱（12瓶）', '瓶', '17.0');
INSERT INTO `ds_food` VALUES ('323', '5', '李锦记海鲜酱（12瓶）', '瓶', '17.0');
INSERT INTO `ds_food` VALUES ('324', '5', '李锦记沙茶酱（12瓶）', '瓶', '17.0');
INSERT INTO `ds_food` VALUES ('325', '5', '老花椒', '斤', '50.0');
INSERT INTO `ds_food` VALUES ('326', '5', '梅菜', '斤', '3.5');
INSERT INTO `ds_food` VALUES ('327', '5', '木炭', '件', '45.0');
INSERT INTO `ds_food` VALUES ('328', '5', '番茄酱', '桶', '12.0');
INSERT INTO `ds_food` VALUES ('329', '5', '白梦多咖喱', '块', '8.5');
INSERT INTO `ds_food` VALUES ('330', '5', '老干妈辣酱', '瓶', '8.5');
INSERT INTO `ds_food` VALUES ('331', '5', '麻油', '件', '165.0');
INSERT INTO `ds_food` VALUES ('332', '5', '香油', '件', '90.0');
INSERT INTO `ds_food` VALUES ('333', '5', '醋精', '瓶', '3.5');
INSERT INTO `ds_food` VALUES ('334', '5', '鸡汁', '瓶', '9.5');
INSERT INTO `ds_food` VALUES ('335', '5', '海底捞', '袋', '12.0');
INSERT INTO `ds_food` VALUES ('336', '5', '太太鸡精', '袋', '33.0');
INSERT INTO `ds_food` VALUES ('337', '5', '绍兴加饭酒', '件', '28.0');
INSERT INTO `ds_food` VALUES ('338', '5', '家乐鸡粉', '件', '150.0');
INSERT INTO `ds_food` VALUES ('339', '5', '桶东古酱油', '件', '130.0');
INSERT INTO `ds_food` VALUES ('340', '5', '梅山酵母', '件', '300.0');
INSERT INTO `ds_food` VALUES ('341', '5', '美极鲜', '件', '218.0');
INSERT INTO `ds_food` VALUES ('342', '5', '葱伴侣豆瓣酱', '件', '85.0');
INSERT INTO `ds_food` VALUES ('343', '5', '袋生抽', '件', '85.0');
INSERT INTO `ds_food` VALUES ('344', '5', '橄榄菜', '件', '185.0');
INSERT INTO `ds_food` VALUES ('345', '5', '橄榄菜', '瓶', '6.5');
INSERT INTO `ds_food` VALUES ('346', '5', '豆沙', '件', '75.0');
INSERT INTO `ds_food` VALUES ('347', '5', '大豆沙', '袋', '12.0');
INSERT INTO `ds_food` VALUES ('348', '5', '红方', '件', '85.0');
INSERT INTO `ds_food` VALUES ('349', '5', '红方', '瓶', '7.5');
INSERT INTO `ds_food` VALUES ('350', '5', '干海带', '斤', '11.0');
INSERT INTO `ds_food` VALUES ('351', '5', '六月香葱伴侣（桶）', '件', '120.0');
INSERT INTO `ds_food` VALUES ('352', '5', '炸鸡粉', '袋', '15.0');
INSERT INTO `ds_food` VALUES ('353', '5', '利民蒜蓉辣酱', '件', '125.0');
INSERT INTO `ds_food` VALUES ('354', '5', '高号火碱', '件', '125.0');
INSERT INTO `ds_food` VALUES ('355', '5', '鸡粉', '桶', '18.0');
INSERT INTO `ds_food` VALUES ('356', '5', '椒盐', '瓶', '3.5');
INSERT INTO `ds_food` VALUES ('357', '5', '干锅酱', '瓶', '28.0');
INSERT INTO `ds_food` VALUES ('358', '5', '乌江榨菜', '件', '85.0');
INSERT INTO `ds_food` VALUES ('359', '5', '老干妈辣酱', '件', '180.0');
INSERT INTO `ds_food` VALUES ('360', '5', '红梅味素', '件', '145.0');
INSERT INTO `ds_food` VALUES ('361', '5', '红梅味精', '件', '145.0');
INSERT INTO `ds_food` VALUES ('362', '5', '绍兴加饭酒', '件', '28.0');
INSERT INTO `ds_food` VALUES ('363', '5', '海天蚝油（桶）', '件', '60.0');
INSERT INTO `ds_food` VALUES ('364', '5', '海天蚝油（瓶）', '件', '70.0');
INSERT INTO `ds_food` VALUES ('365', '5', '鸡粉（桶）', '件', '165.0');
INSERT INTO `ds_food` VALUES ('366', '5', '豆中宝（袋）', '件', '50.0');
INSERT INTO `ds_food` VALUES ('367', '5', '十八里粉条', '件', '105.0');
INSERT INTO `ds_food` VALUES ('368', '5', '生抽（桶）', '件', '85.0');
INSERT INTO `ds_food` VALUES ('369', '5', '老抽（桶）', '件', '85.0');
INSERT INTO `ds_food` VALUES ('370', '5', '玉米粒', '件', '60.0');
INSERT INTO `ds_food` VALUES ('371', '5', '辣根', '管', '5.5');
INSERT INTO `ds_food` VALUES ('372', '5', '孜然粉', '斤', '15.0');
INSERT INTO `ds_food` VALUES ('373', '5', '葱伴侣酱', '盒', '13.0');
INSERT INTO `ds_food` VALUES ('374', '5', '李锦记生抽', '件', '175.0');
INSERT INTO `ds_food` VALUES ('375', '5', '海天拌饭酱', '瓶', '12.0');
INSERT INTO `ds_food` VALUES ('376', '5', '红干椒段', '袋', '25.0');
INSERT INTO `ds_food` VALUES ('377', '5', '太太乐鸡精', '件', '240.0');
INSERT INTO `ds_food` VALUES ('378', '5', '白醋', '件', '45.0');
INSERT INTO `ds_food` VALUES ('379', '5', '东古生抽（瓶）', '件', '55.0');
INSERT INTO `ds_food` VALUES ('380', '5', '厨邦一品鲜', '件', '85.0');
INSERT INTO `ds_food` VALUES ('381', '5', '腐竹', '件', '95.0');
INSERT INTO `ds_food` VALUES ('382', '5', '黄酒', '件', '55.0');
INSERT INTO `ds_food` VALUES ('383', '5', '海天料酒', '瓶', '7.5');
INSERT INTO `ds_food` VALUES ('384', '5', '海天黄豆酱800g', '瓶', '13.0');
INSERT INTO `ds_food` VALUES ('385', '5', '白醋', '瓶', '3.5');
INSERT INTO `ds_food` VALUES ('386', '5', '醋精', '件', '65.0');
INSERT INTO `ds_food` VALUES ('387', '5', '紫菜', '件', '140.0');
INSERT INTO `ds_food` VALUES ('388', '5', '腐乳', '件', '170.0');
INSERT INTO `ds_food` VALUES ('389', '5', '桶东古一品鲜', '件', '125.0');
INSERT INTO `ds_food` VALUES ('390', '5', '鸡精', '件', '150.0');
INSERT INTO `ds_food` VALUES ('391', '5', '鸡粉', '袋', '28.0');
INSERT INTO `ds_food` VALUES ('392', '5', '咖喱块', '块', '9.0');
INSERT INTO `ds_food` VALUES ('393', '5', '美极鲜（大）', '件', '285.0');
INSERT INTO `ds_food` VALUES ('394', '5', '白芷', '斤', '18.0');
INSERT INTO `ds_food` VALUES ('395', '5', '泡打粉', '件', '75.0');
INSERT INTO `ds_food` VALUES ('396', '5', '香油', '桶', '70.0');
INSERT INTO `ds_food` VALUES ('397', '5', '杏仁', '袋', '8.5');
INSERT INTO `ds_food` VALUES ('398', '5', '白矾', '斤', '3.0');
INSERT INTO `ds_food` VALUES ('399', '5', '泡打粉', '桶', '35.0');
INSERT INTO `ds_food` VALUES ('400', '5', '奥尔良腌料', '袋', '25.0');
INSERT INTO `ds_food` VALUES ('401', '5', '叉烧酱', '瓶', '8.0');
INSERT INTO `ds_food` VALUES ('402', '5', '茶蛋料', '袋', '4.0');
INSERT INTO `ds_food` VALUES ('403', '5', '叉烧酱', '瓶', '7.0');
INSERT INTO `ds_food` VALUES ('404', '5', '瓶海天生抽', '件', '65.0');
INSERT INTO `ds_food` VALUES ('405', '5', '小银鱼', '斤', '19.0');
INSERT INTO `ds_food` VALUES ('406', '5', '海天豆瓣酱', '瓶', null);
INSERT INTO `ds_food` VALUES ('407', '5', '香油', '件', '190.0');
INSERT INTO `ds_food` VALUES ('408', '5', '郫县豆瓣酱', '件', '80.0');
INSERT INTO `ds_food` VALUES ('409', '5', '沙拉酱', '瓶', '12.0');
INSERT INTO `ds_food` VALUES ('410', '5', '风球番茄酱', '件', '130.0');
INSERT INTO `ds_food` VALUES ('411', '5', '风球番茄酱', '桶', '22.0');
INSERT INTO `ds_food` VALUES ('412', '5', '大喜大烤肉酱', '袋', '4.5');
INSERT INTO `ds_food` VALUES ('413', '5', '牛肉粉', '袋', '30.0');
INSERT INTO `ds_food` VALUES ('414', '5', '烤肉料', '包', '18.0');
INSERT INTO `ds_food` VALUES ('415', '5', '甜面酱', '桶', '13.0');
INSERT INTO `ds_food` VALUES ('416', '5', '海底捞', '件', '325.0');
INSERT INTO `ds_food` VALUES ('417', '5', '浓缩鸡汁', '件', '325.0');
INSERT INTO `ds_food` VALUES ('418', '5', '泡打粉', '桶', '30.0');
INSERT INTO `ds_food` VALUES ('419', '5', '六必居干酱', '袋', '5.0');
INSERT INTO `ds_food` VALUES ('420', '5', '辣鲜露', '件', '125.0');
INSERT INTO `ds_food` VALUES ('421', '5', '亚克西', '件', '55.0');
INSERT INTO `ds_food` VALUES ('422', '5', '果酱', '瓶', '5.5');
INSERT INTO `ds_food` VALUES ('423', '5', '四川卤酱料包', '袋', '4.0');
INSERT INTO `ds_food` VALUES ('424', '5', '袋甜面酱', '件', '55.0');
INSERT INTO `ds_food` VALUES ('425', '5', '沙拉酱', '瓶', '2.0');
INSERT INTO `ds_food` VALUES ('426', '5', '3A调料粉', '包', '55.0');
INSERT INTO `ds_food` VALUES ('427', '5', '黑胡椒汁', '桶', '40.0');
INSERT INTO `ds_food` VALUES ('428', '5', '香粉', '大袋', '50.0');
INSERT INTO `ds_food` VALUES ('429', '5', '香粉', '袋', '1.0');
INSERT INTO `ds_food` VALUES ('430', '5', '干锅酱', '件', '70.0');
INSERT INTO `ds_food` VALUES ('431', '5', '蘑菇肉酱', '袋', '2.0');
INSERT INTO `ds_food` VALUES ('432', '5', '牛肉粉', '件', '300.0');
INSERT INTO `ds_food` VALUES ('433', '5', '2斤干酱', '件', '30.0');
INSERT INTO `ds_food` VALUES ('434', '5', '枸杞', '斤', '45.0');
INSERT INTO `ds_food` VALUES ('435', '5', '亚克西', '袋', '1.2');
INSERT INTO `ds_food` VALUES ('436', '5', '活碱', '件', '100.0');
INSERT INTO `ds_food` VALUES ('437', '5', '碳', '件', '28.0');
INSERT INTO `ds_food` VALUES ('438', '5', '铁钎子', '包', '28.0');
INSERT INTO `ds_food` VALUES ('439', '5', '铁钎子', '根', '0.2');
INSERT INTO `ds_food` VALUES ('440', '5', '箅子', '个', '12.0');
INSERT INTO `ds_food` VALUES ('441', '5', '竹签子', '根', '0.0');
INSERT INTO `ds_food` VALUES ('442', '6', '小鸡', '斤', '7.5');
INSERT INTO `ds_food` VALUES ('443', '6', '鸡胗', '斤', '14.0');
INSERT INTO `ds_food` VALUES ('444', '6', '翅  中', '斤', '26.0');
INSERT INTO `ds_food` VALUES ('445', '6', '鸡  爪', '斤', '15.0');
INSERT INTO `ds_food` VALUES ('446', '6', '鸡胸脯肉', '斤', '7.0');
INSERT INTO `ds_food` VALUES ('447', '6', '琵琶腿', '斤', '14.0');
INSERT INTO `ds_food` VALUES ('448', '6', '鸡边腿', '斤', '7.5');
INSERT INTO `ds_food` VALUES ('449', '6', '鸡  肝', '斤', '4.0');
INSERT INTO `ds_food` VALUES ('450', '6', '鸡  心', '斤', '7.0');
INSERT INTO `ds_food` VALUES ('451', '6', '白条鸡', '斤', '7.5');
INSERT INTO `ds_food` VALUES ('452', '6', '净鸡腿', '斤', '8.0');
INSERT INTO `ds_food` VALUES ('453', '6', '鸡脖', '斤', '5.0');
INSERT INTO `ds_food` VALUES ('454', '6', '鸡架', '斤', '3.0');
INSERT INTO `ds_food` VALUES ('455', '6', '上校鸡块', '斤', '7.0');
INSERT INTO `ds_food` VALUES ('456', '6', '鸡爪', '斤', '15.0');
INSERT INTO `ds_food` VALUES ('457', '6', '鸡脆骨', '斤', '34.0');
INSERT INTO `ds_food` VALUES ('458', '6', '鸡叉', '斤', '5.5');
INSERT INTO `ds_food` VALUES ('459', '6', '全翅', '斤', '16.0');
INSERT INTO `ds_food` VALUES ('460', '6', '鸡净腿', '斤', '8.0');
INSERT INTO `ds_food` VALUES ('461', '6', '鸡翅根', '斤', '18.0');
INSERT INTO `ds_food` VALUES ('462', '6', '兔子', '斤', '14.0');
INSERT INTO `ds_food` VALUES ('463', '6', '翅中', '件', '425.0');
INSERT INTO `ds_food` VALUES ('464', '6', '鸡脆骨', '袋', '135.0');
INSERT INTO `ds_food` VALUES ('465', '6', '鸡胗', '袋', '38.0');
INSERT INTO `ds_food` VALUES ('466', '6', '翅中', '袋', '45.0');
INSERT INTO `ds_food` VALUES ('467', '6', '鸡心', '袋', '15.0');
INSERT INTO `ds_food` VALUES ('468', '6', '鸡骨棒', '斤', '4.5');
INSERT INTO `ds_food` VALUES ('469', '6', '鸡屁股', '斤', '5.5');
INSERT INTO `ds_food` VALUES ('470', '6', '鸡脆骨', '袋', '130.0');
INSERT INTO `ds_food` VALUES ('471', '6', '鸭子', '只', '15.0');
INSERT INTO `ds_food` VALUES ('472', '6', '鸭肠', '斤', '15.0');
INSERT INTO `ds_food` VALUES ('473', '6', '鸭肚', '斤', '19.0');
INSERT INTO `ds_food` VALUES ('474', '6', '鸭血', '盒', '2.5');
INSERT INTO `ds_food` VALUES ('475', '6', '鸭肝', '斤', '3.0');
INSERT INTO `ds_food` VALUES ('476', '6', '鸡肚', '斤', '2.8');
INSERT INTO `ds_food` VALUES ('477', '6', '大鹅', '斤', '6.0');
INSERT INTO `ds_food` VALUES ('478', '6', '三黄鸡', '斤', '8.5');
INSERT INTO `ds_food` VALUES ('479', '6', '麦香鸡块', '袋', '20.0');
INSERT INTO `ds_food` VALUES ('480', '6', '鸡叉骨', '袋', '50.0');
INSERT INTO `ds_food` VALUES ('481', '6', '鸡皮', '斤', '4.5');
INSERT INTO `ds_food` VALUES ('482', '7', '牛板筋', '斤', '27.0');
INSERT INTO `ds_food` VALUES ('483', '7', '牛肉馅', '斤', '28.0');
INSERT INTO `ds_food` VALUES ('484', '7', '牛腩', '斤', '30.0');
INSERT INTO `ds_food` VALUES ('485', '7', '牛鞭', '斤', '78.0');
INSERT INTO `ds_food` VALUES ('486', '7', '牛里脊', '斤', '30.0');
INSERT INTO `ds_food` VALUES ('487', '7', '牛肉', '斤', '29.0');
INSERT INTO `ds_food` VALUES ('488', '7', '牛肉片', '斤', '27.0');
INSERT INTO `ds_food` VALUES ('489', '7', '肥牛', '斤', '26.0');
INSERT INTO `ds_food` VALUES ('490', '7', '牛腱子', '斤', '32.0');
INSERT INTO `ds_food` VALUES ('491', '7', '羊腿肉', '斤', '26.0');
INSERT INTO `ds_food` VALUES ('492', '7', '羊肉', '斤', '26.0');
INSERT INTO `ds_food` VALUES ('493', '7', '羊肉卷', '斤', '25.0');
INSERT INTO `ds_food` VALUES ('494', '7', '羊杂', '斤', '15.0');
INSERT INTO `ds_food` VALUES ('495', '7', '羊肉串', '盒100串', '130.0');
INSERT INTO `ds_food` VALUES ('496', '7', '牛肚', '斤', '29.0');
INSERT INTO `ds_food` VALUES ('497', '7', '羊肺', '斤', '9.0');
INSERT INTO `ds_food` VALUES ('498', '7', '羊肚', '斤', '14.0');
INSERT INTO `ds_food` VALUES ('499', '7', '羊骨头', '斤', '7.0');
INSERT INTO `ds_food` VALUES ('500', '7', '筋头巴脑', '斤', '27.0');
INSERT INTO `ds_food` VALUES ('501', '7', '牛百叶', '斤', '29.0');
INSERT INTO `ds_food` VALUES ('502', '7', '牛上脑', '斤', '29.0');
INSERT INTO `ds_food` VALUES ('503', '7', '牛白板', '斤', '27.0');
INSERT INTO `ds_food` VALUES ('504', '7', '牛尾', '斤', '32.0');
INSERT INTO `ds_food` VALUES ('505', '7', '牛肋扇', '斤', '30.0');
INSERT INTO `ds_food` VALUES ('506', '7', '牛燕翅', '斤', '29.0');
INSERT INTO `ds_food` VALUES ('507', '7', '羊肠', '斤', '13.0');
INSERT INTO `ds_food` VALUES ('508', '7', '驴肉', '斤', '30.0');
INSERT INTO `ds_food` VALUES ('509', '7', '驴肉陷', '斤', '30.0');
INSERT INTO `ds_food` VALUES ('510', '7', '鲜羊腰子', '个', '10.0');
INSERT INTO `ds_food` VALUES ('511', '7', '牛百叶', '袋', '13.0');
INSERT INTO `ds_food` VALUES ('512', '8', '下五花', '斤', '16.0');
INSERT INTO `ds_food` VALUES ('513', '8', '梅肉', '斤', '16.5');
INSERT INTO `ds_food` VALUES ('514', '8', '肉馅', '斤', '14.5');
INSERT INTO `ds_food` VALUES ('515', '8', '里脊', '斤', '16.5');
INSERT INTO `ds_food` VALUES ('516', '8', '外脊', '斤', '16.0');
INSERT INTO `ds_food` VALUES ('517', '8', '净排', '斤', '20.0');
INSERT INTO `ds_food` VALUES ('518', '8', '脊骨', '斤', '13.0');
INSERT INTO `ds_food` VALUES ('519', '8', '五花肉', '斤', '15.0');
INSERT INTO `ds_food` VALUES ('520', '8', '精肉', '斤', '15.0');
INSERT INTO `ds_food` VALUES ('521', '8', '毛排', '斤', '18.0');
INSERT INTO `ds_food` VALUES ('522', '8', '肉皮', '斤', '9.0');
INSERT INTO `ds_food` VALUES ('523', '8', '带皮后丘', '斤', '14.0');
INSERT INTO `ds_food` VALUES ('524', '8', '前槽精肉', '斤', '16.0');
INSERT INTO `ds_food` VALUES ('525', '8', '猪肘', '斤', '14.0');
INSERT INTO `ds_food` VALUES ('526', '8', '大骨头', '斤', '10.0');
INSERT INTO `ds_food` VALUES ('527', '8', '月牙骨', '斤', '16.0');
INSERT INTO `ds_food` VALUES ('528', '8', '拆骨肉', '斤', '20.0');
INSERT INTO `ds_food` VALUES ('529', '8', '腊肉', '斤', '20.0');
INSERT INTO `ds_food` VALUES ('530', '8', '护心肉', '斤', '18.0');
INSERT INTO `ds_food` VALUES ('531', '8', '猪肚', '斤', '17.0');
INSERT INTO `ds_food` VALUES ('532', '8', '猪肠', '斤', '14.0');
INSERT INTO `ds_food` VALUES ('533', '8', '猪耳朵', '斤', '21.5');
INSERT INTO `ds_food` VALUES ('534', '8', '猪肝', '斤', '11.0');
INSERT INTO `ds_food` VALUES ('535', '8', '肥肠', '斤', '16.0');
INSERT INTO `ds_food` VALUES ('536', '8', '血肠', '斤', '7.0');
INSERT INTO `ds_food` VALUES ('537', '8', '猪腰子', '斤', '8.5');
INSERT INTO `ds_food` VALUES ('538', '8', '猪头', '斤', '9.5');
INSERT INTO `ds_food` VALUES ('539', '8', '猪心', '斤', '12.0');
INSERT INTO `ds_food` VALUES ('540', '8', '猪蹄', '斤', '17.0');
INSERT INTO `ds_food` VALUES ('541', '8', '猪腰子', '斤', '20.0');
INSERT INTO `ds_food` VALUES ('542', '9', '海带扣', '斤', '4.5');
INSERT INTO `ds_food` VALUES ('543', '9', '海带丝', '斤', '3.5');
INSERT INTO `ds_food` VALUES ('544', '9', '海带丝', '件', '15.0');
INSERT INTO `ds_food` VALUES ('545', '9', '海带', '斤', '4.0');
INSERT INTO `ds_food` VALUES ('546', '9', '金针菇', '件', '55.0');
INSERT INTO `ds_food` VALUES ('547', '9', '梅菜丝', '件', '30.0');
INSERT INTO `ds_food` VALUES ('548', '9', '五仁酱丁', '件', '35.0');
INSERT INTO `ds_food` VALUES ('549', '9', '酱八宝', '件', '32.0');
INSERT INTO `ds_food` VALUES ('550', '9', '酱茄子', '件', '30.0');
INSERT INTO `ds_food` VALUES ('551', '9', '贡菜', '件', '35.0');
INSERT INTO `ds_food` VALUES ('552', '9', '糖蒜', '斤', '5.0');
INSERT INTO `ds_food` VALUES ('553', '9', '罗汉笋', '件', '45.0');
INSERT INTO `ds_food` VALUES ('554', '9', '魔芋结', '盒', '50.0');
INSERT INTO `ds_food` VALUES ('555', '9', '下饭菜', '件', '95.0');
INSERT INTO `ds_food` VALUES ('556', '9', '野山椒', '袋', '7.5');
INSERT INTO `ds_food` VALUES ('557', '9', '雪里红', '件', '15.0');
INSERT INTO `ds_food` VALUES ('558', '9', '狗宝咸菜', '斤', '9.0');
INSERT INTO `ds_food` VALUES ('559', '9', '海带根', '斤', '4.5');
INSERT INTO `ds_food` VALUES ('560', '9', '海白菜', '斤', '4.0');
INSERT INTO `ds_food` VALUES ('561', '9', '橄榄菜', '件', '205.0');
INSERT INTO `ds_food` VALUES ('562', '9', '金针磨（瓶）', '件', '65.0');
INSERT INTO `ds_food` VALUES ('563', '9', '蕨菜', '件', '55.0');
INSERT INTO `ds_food` VALUES ('564', '9', '晶蒜', '件', '35.0');
INSERT INTO `ds_food` VALUES ('565', '9', '辣白菜', '斤', '4.0');
INSERT INTO `ds_food` VALUES ('566', '9', '海白菜', '件', '22.0');
INSERT INTO `ds_food` VALUES ('567', '9', '芥菜丝', '件', '18.0');
INSERT INTO `ds_food` VALUES ('568', '9', '萝卜丁', '件', '18.0');
INSERT INTO `ds_food` VALUES ('569', '9', '皮冻', '斤', '4.5');
INSERT INTO `ds_food` VALUES ('570', '9', '干豆角', '斤', '28.0');
INSERT INTO `ds_food` VALUES ('571', '9', '蒜茄子', '斤', '5.0');
INSERT INTO `ds_food` VALUES ('572', '9', '罗汉笋', '件', '80.0');
INSERT INTO `ds_food` VALUES ('573', '9', '水晶蒜', '袋', '8.0');
INSERT INTO `ds_food` VALUES ('574', '9', '八宝咸菜', '斤', '5.5');
INSERT INTO `ds_food` VALUES ('575', '9', '熟芥菜疙瘩', '斤', '3.0');
INSERT INTO `ds_food` VALUES ('576', '9', '地瓜梗', '斤', '9.0');
INSERT INTO `ds_food` VALUES ('577', '9', '狗宝咸菜', '件', '85.0');
INSERT INTO `ds_food` VALUES ('578', '9', '蕨菜', '件', '60.0');
INSERT INTO `ds_food` VALUES ('579', '9', '笋丝', '盒', '34.0');
INSERT INTO `ds_food` VALUES ('580', '9', '熟玉瓜头', '斤', '3.0');
INSERT INTO `ds_food` VALUES ('581', '9', '黄花什锦', '件', '95.0');
INSERT INTO `ds_food` VALUES ('582', '9', '下饭菜', '件', '95.0');
INSERT INTO `ds_food` VALUES ('583', '9', '香辣金针菇', '袋', '28.0');
INSERT INTO `ds_food` VALUES ('584', '10', '切面', '斤', '3.5');
INSERT INTO `ds_food` VALUES ('585', '10', '饺子皮', '斤', '3.5');
INSERT INTO `ds_food` VALUES ('586', '10', '馄饨皮', '斤', '3.5');
INSERT INTO `ds_food` VALUES ('587', '10', '烧麦皮', '斤', '3.5');
INSERT INTO `ds_food` VALUES ('588', '10', '八宝米', '斤', '4.8');
INSERT INTO `ds_food` VALUES ('589', '10', '黑米', '斤', '4.7');
INSERT INTO `ds_food` VALUES ('590', '10', '糯米粉', '袋', '3.5');
INSERT INTO `ds_food` VALUES ('591', '10', '干黄豆', '斤', '3.5');
INSERT INTO `ds_food` VALUES ('592', '10', '小米', '斤', '3.8');
INSERT INTO `ds_food` VALUES ('593', '10', '黑豆', '斤', '4.8');
INSERT INTO `ds_food` VALUES ('594', '10', '饺子', '袋', '25.0');
INSERT INTO `ds_food` VALUES ('595', '10', '馄钝', '袋', '25.0');
INSERT INTO `ds_food` VALUES ('596', '10', '色拉油', '桶', '50.0');
INSERT INTO `ds_food` VALUES ('597', '10', '挂面', '件', '50.0');
INSERT INTO `ds_food` VALUES ('598', '10', '大米', '袋', '125.0');
INSERT INTO `ds_food` VALUES ('599', '10', '白面', '袋', '100.0');
INSERT INTO `ds_food` VALUES ('600', '10', '红小豆', '斤', '6.0');
INSERT INTO `ds_food` VALUES ('601', '10', '薏米', '斤', '10.0');
INSERT INTO `ds_food` VALUES ('602', '10', '玉米碴子', '斤', '3.0');
INSERT INTO `ds_food` VALUES ('603', '10', '黄米', '斤', '4.5');
INSERT INTO `ds_food` VALUES ('604', '10', '红米', '斤', '5.5');
INSERT INTO `ds_food` VALUES ('605', '10', '冷面', '斤', '2.5');
INSERT INTO `ds_food` VALUES ('606', '10', '绿豆', '斤', '6.0');
INSERT INTO `ds_food` VALUES ('607', '10', '煎饼', '斤', '4.5');
INSERT INTO `ds_food` VALUES ('608', '10', '面包粉', '袋', '120.0');
INSERT INTO `ds_food` VALUES ('609', '10', '面筋', '袋', '16.0');
INSERT INTO `ds_food` VALUES ('610', '10', '高粱米', '斤', '3.5');
INSERT INTO `ds_food` VALUES ('611', '10', '发糕', '块', '4.0');
INSERT INTO `ds_food` VALUES ('612', null, '', '', null);
INSERT INTO `ds_food` VALUES ('613', null, '', '', null);
INSERT INTO `ds_food` VALUES ('614', null, '', '', null);
INSERT INTO `ds_food` VALUES ('615', null, '', '', null);
INSERT INTO `ds_food` VALUES ('616', null, '', '', null);
INSERT INTO `ds_food` VALUES ('617', null, '', '', null);
INSERT INTO `ds_food` VALUES ('618', '11', '干豆丝', '斤', '5.0');
INSERT INTO `ds_food` VALUES ('619', '11', '冻豆腐', '斤', '1.5');
INSERT INTO `ds_food` VALUES ('620', '11', '福来干豆腐', '斤', '5.5');
INSERT INTO `ds_food` VALUES ('621', '11', '内脂豆腐', '盒', '1.5');
INSERT INTO `ds_food` VALUES ('622', '11', '素鸡', '斤', '4.5');
INSERT INTO `ds_food` VALUES ('623', '11', '豆腐', '块', '2.5');
INSERT INTO `ds_food` VALUES ('624', '11', '豆干', '斤', '5.5');
INSERT INTO `ds_food` VALUES ('625', '11', '豆泡', '斤', '7.5');
INSERT INTO `ds_food` VALUES ('626', '11', '粉皮', '袋', '1.5');
INSERT INTO `ds_food` VALUES ('627', '11', '豆皮', '斤', '5.5');
INSERT INTO `ds_food` VALUES ('628', '11', '油豆皮', '斤', '9.5');
INSERT INTO `ds_food` VALUES ('629', '11', '日本豆腐', '袋', '25.0');
INSERT INTO `ds_food` VALUES ('630', '11', '鲜豆皮', '斤', '6.5');
INSERT INTO `ds_food` VALUES ('631', '12', '猪耳朵', '斤', '34.0');
INSERT INTO `ds_food` VALUES ('632', '12', '烤鸭', '只', '19.0');
INSERT INTO `ds_food` VALUES ('633', '12', '烧鸡', '斤', '15.5');
INSERT INTO `ds_food` VALUES ('634', '12', '猪头肉', '斤', '26.0');
INSERT INTO `ds_food` VALUES ('635', '12', '肘子', '斤', '28.5');
INSERT INTO `ds_food` VALUES ('636', '12', '一手店烤鸭', '只', '20.0');
INSERT INTO `ds_food` VALUES ('637', '12', '猪蹄', '斤', '25.0');
INSERT INTO `ds_food` VALUES ('638', '12', '牛熟蹄筋', '斤', '40.0');
INSERT INTO `ds_food` VALUES ('639', '12', '熟护心肉', '斤', '35.0');
INSERT INTO `ds_food` VALUES ('640', '12', '熟肥肠', '斤', '34.0');
INSERT INTO `ds_food` VALUES ('641', '12', '熟猪肚', '斤', '48.0');
INSERT INTO `ds_food` VALUES ('642', '12', '熟牛毽子', '斤', '51.0');
INSERT INTO `ds_food` VALUES ('643', '12', '熟牛肚', '斤', '60.0');
INSERT INTO `ds_food` VALUES ('644', '12', '熟鸭头', '个', '4.5');
INSERT INTO `ds_food` VALUES ('645', '12', '绝味鸭头', '斤', '32.5');
INSERT INTO `ds_food` VALUES ('646', '12', '绝味鸭翅', '斤', '33.0');
INSERT INTO `ds_food` VALUES ('647', '12', '绝味鸭脖', '斤', '35.8');
INSERT INTO `ds_food` VALUES ('648', '12', '熏兔', '斤', '30.0');
INSERT INTO `ds_food` VALUES ('649', '12', '猪舌头', '斤', '35.0');
INSERT INTO `ds_food` VALUES ('650', '12', '熏肉', '斤', '34.0');
INSERT INTO `ds_food` VALUES ('651', '12', '沟帮子烧鸡', '斤', '26.0');
INSERT INTO `ds_food` VALUES ('652', '12', '熟鸭翅', '斤', '18.0');
INSERT INTO `ds_food` VALUES ('653', null, '', '', null);
INSERT INTO `ds_food` VALUES ('654', null, '鱼  丸', '斤', '8.0');
INSERT INTO `ds_food` VALUES ('655', null, '虾  丸', '斤', '8.0');
INSERT INTO `ds_food` VALUES ('656', null, '盐水肠', '根', '8.5');
INSERT INTO `ds_food` VALUES ('657', null, '三全春卷', '盒', '5.0');
INSERT INTO `ds_food` VALUES ('658', null, '撒尿牛丸', '斤', '10.0');
INSERT INTO `ds_food` VALUES ('659', null, '墨鱼丸', '斤', '10.0');
INSERT INTO `ds_food` VALUES ('660', null, '香肠', '斤', '8.5');
INSERT INTO `ds_food` VALUES ('661', null, '小红肠', '斤', '8.0');
INSERT INTO `ds_food` VALUES ('662', null, '锡箔肉串', '袋', '28.0');
INSERT INTO `ds_food` VALUES ('663', null, '亲亲肠', '斤', '7.5');
INSERT INTO `ds_food` VALUES ('664', null, '台肠', '袋', '30.0');
INSERT INTO `ds_food` VALUES ('665', null, '火腿肠', '件', '78.0');
INSERT INTO `ds_food` VALUES ('666', null, '金锣肠', '根', '2.5');
INSERT INTO `ds_food` VALUES ('667', null, '鸡肉肠', '件', '28.0');
INSERT INTO `ds_food` VALUES ('668', null, '肉枣肠', '斤', '10.0');
INSERT INTO `ds_food` VALUES ('669', null, '烤肠（大）', '袋', '30.0');
INSERT INTO `ds_food` VALUES ('670', null, '热狗肠', '袋', '27.0');
INSERT INTO `ds_food` VALUES ('671', null, '哈尔滨红肠', '斤', '9.5');
INSERT INTO `ds_food` VALUES ('672', '13', '风干肠', '袋', '10.0');
INSERT INTO `ds_food` VALUES ('673', '13', '骨肉相连', '袋', '23.0');
INSERT INTO `ds_food` VALUES ('674', '13', '鸡柳', '袋', '7.0');
INSERT INTO `ds_food` VALUES ('675', '13', '培根肉', '袋', '28.0');
INSERT INTO `ds_food` VALUES ('676', '13', '面肠', '斤', '15.0');
INSERT INTO `ds_food` VALUES ('677', '13', '腊肠', '斤', '11.0');
INSERT INTO `ds_food` VALUES ('678', '13', '桂花肠', '袋（5斤）', '38.0');
INSERT INTO `ds_food` VALUES ('679', '13', '大红肠', '斤', '13.0');
INSERT INTO `ds_food` VALUES ('680', '13', '蒜肠', '斤', '11.0');
INSERT INTO `ds_food` VALUES ('681', '13', '地瓜丸', '袋', '7.5');
INSERT INTO `ds_food` VALUES ('682', '13', '粘玉米', '件', '65.0');
INSERT INTO `ds_food` VALUES ('683', '13', '小馒头', '件', '55.0');
INSERT INTO `ds_food` VALUES ('684', '13', '蟹肉棒', '斤', '15.5');
INSERT INTO `ds_food` VALUES ('685', '13', '鸡排', '袋', '15.0');
INSERT INTO `ds_food` VALUES ('686', '13', '三全凌馄钝', '件', '190.0');
INSERT INTO `ds_food` VALUES ('687', '13', '三全凌饺子', '件', '190.0');
INSERT INTO `ds_food` VALUES ('688', '13', '开口笑', '斤', '5.0');
INSERT INTO `ds_food` VALUES ('689', '13', '鱼排', '袋', '20.0');
INSERT INTO `ds_food` VALUES ('690', '13', '盐水肠', '件', '340.0');
INSERT INTO `ds_food` VALUES ('691', '13', '金锣王肠', '件', '95.0');
INSERT INTO `ds_food` VALUES ('692', '13', '牙签肉', '袋', '10.0');
INSERT INTO `ds_food` VALUES ('693', '13', '烤肠', '斤', '27.0');
INSERT INTO `ds_food` VALUES ('694', '13', '粉肠', '斤', '7.0');
INSERT INTO `ds_food` VALUES ('695', '13', '红肠', '斤', '14.5');
INSERT INTO `ds_food` VALUES ('696', '13', '六号肠', '斤', '14.0');
INSERT INTO `ds_food` VALUES ('697', '13', '亲亲肠', '斤', '7.5');
INSERT INTO `ds_food` VALUES ('698', '13', '开口笑', '斤', '8.5');
INSERT INTO `ds_food` VALUES ('699', '13', '骨肉相连', '件', '265.0');
INSERT INTO `ds_food` VALUES ('700', '13', '骨肉相连', '小袋', '13.0');
INSERT INTO `ds_food` VALUES ('701', '13', '午餐肉', '盒', '18.0');
INSERT INTO `ds_food` VALUES ('702', '13', '午餐肉', '件', '240.0');
INSERT INTO `ds_food` VALUES ('703', '13', '玉米粒', '件', '50.0');
INSERT INTO `ds_food` VALUES ('704', '14', '大可乐', '瓶', '6.5');
INSERT INTO `ds_food` VALUES ('705', '14', '大果粒橙', '件', '42.0');
INSERT INTO `ds_food` VALUES ('706', '14', '大雪碧', '瓶', '6.5');
INSERT INTO `ds_food` VALUES ('707', '14', '听可乐', '件', '45.0');
INSERT INTO `ds_food` VALUES ('708', '14', '水晶葡萄', '件', '42.0');
INSERT INTO `ds_food` VALUES ('709', '14', '水蜜桃', '件', '42.0');
INSERT INTO `ds_food` VALUES ('710', '14', '大冰红茶', '件', '38.0');
INSERT INTO `ds_food` VALUES ('711', '14', '农夫山泉', '件', '26.0');
INSERT INTO `ds_food` VALUES ('712', '14', '大芬达', '件', '39.0');
INSERT INTO `ds_food` VALUES ('713', '14', '珍珍', '件', '40.0');
INSERT INTO `ds_food` VALUES ('714', '14', '面包片', '袋', '5.5');
INSERT INTO `ds_food` VALUES ('715', '14', '大麦片', '斤', '3.9');
INSERT INTO `ds_food` VALUES ('716', '14', '香辣酥', '袋', '5.5');
INSERT INTO `ds_food` VALUES ('717', '14', '冰糖', '斤', '8.0');
INSERT INTO `ds_food` VALUES ('718', '14', '华丰面', '件', '24.0');
INSERT INTO `ds_food` VALUES ('719', '14', '东三福', '件', '30.0');
INSERT INTO `ds_food` VALUES ('720', '14', '海鲜面', '件', '65.0');
INSERT INTO `ds_food` VALUES ('721', '14', '酸菜面', '件', '65.0');
INSERT INTO `ds_food` VALUES ('722', '14', '冰露水', '件', '13.0');
INSERT INTO `ds_food` VALUES ('723', '14', '百岁山', '件', '43.0');
INSERT INTO `ds_food` VALUES ('724', '14', '雀巢水', '件', '35.0');
INSERT INTO `ds_food` VALUES ('725', '14', '冰糖雪梨', '件', '35.0');
INSERT INTO `ds_food` VALUES ('726', '14', '红烧肉罐头', '盒', '18.0');
INSERT INTO `ds_food` VALUES ('727', '14', '麻团', '袋', '6.5');
INSERT INTO `ds_food` VALUES ('728', '14', '水果罐头', '瓶', '15.0');
INSERT INTO `ds_food` VALUES ('729', '14', '松仁', '斤', '80.0');
INSERT INTO `ds_food` VALUES ('730', '14', '玉米粒', '盒', '8.0');
INSERT INTO `ds_food` VALUES ('731', '14', '山楂糕', '斤', '8.0');
INSERT INTO `ds_food` VALUES ('732', '14', '燕麦', '斤', '3.5');
INSERT INTO `ds_food` VALUES ('733', '14', '黄油', '块', '12.0');
INSERT INTO `ds_food` VALUES ('734', '14', '春饼', '件', '45.0');
INSERT INTO `ds_food` VALUES ('735', '14', '春卷', '盒', '5.0');
INSERT INTO `ds_food` VALUES ('736', '14', '脉动水', '件', '48.0');
INSERT INTO `ds_food` VALUES ('737', '14', '豆奶粉', '件', '255.0');
INSERT INTO `ds_food` VALUES ('738', '14', '燕麦片', '袋', '4.0');
INSERT INTO `ds_food` VALUES ('739', '14', '干拌面', '件', '65.0');
INSERT INTO `ds_food` VALUES ('740', '14', '加多宝', '件', '70.0');
INSERT INTO `ds_food` VALUES ('741', '14', '雀巢果维', '袋', '28.0');
INSERT INTO `ds_food` VALUES ('742', '14', '酸梅汤', '袋', '6.0');
INSERT INTO `ds_food` VALUES ('743', '14', '虾片', '盒', '2.5');
INSERT INTO `ds_food` VALUES ('744', '14', '南瓜饼', '件', '30.0');
INSERT INTO `ds_food` VALUES ('745', '14', '豆浆粉', '袋', '12.0');
INSERT INTO `ds_food` VALUES ('746', '14', '香辣酥', '件', '60.0');
INSERT INTO `ds_food` VALUES ('747', '14', '腰果', '斤', '65.0');
INSERT INTO `ds_food` VALUES ('748', '14', '面包糠', '袋', '10.0');
INSERT INTO `ds_food` VALUES ('749', '14', '碗面', '件', '48.0');
INSERT INTO `ds_food` VALUES ('750', '14', '三鲜伊面', '件', '30.0');
INSERT INTO `ds_food` VALUES ('751', '14', '红牛', '件', '125.0');
INSERT INTO `ds_food` VALUES ('752', '14', '椰树汁', '件', '90.0');
INSERT INTO `ds_food` VALUES ('753', '14', '八宝粥', '件', '45.0');
INSERT INTO `ds_food` VALUES ('754', '14', '干杏仁', '斤', '35.0');
INSERT INTO `ds_food` VALUES ('755', '14', '藕片', '袋', '25.0');
INSERT INTO `ds_food` VALUES ('756', '14', '枣糕', '斤', '8.5');
INSERT INTO `ds_food` VALUES ('757', '14', '露露', '件', '72.0');
INSERT INTO `ds_food` VALUES ('758', '14', '小馒头', '件', '70.0');
INSERT INTO `ds_food` VALUES ('759', '14', '蜂蜜', '瓶', '15.0');
INSERT INTO `ds_food` VALUES ('760', '14', '王老吉', '件', '70.0');
INSERT INTO `ds_food` VALUES ('761', '14', '大枣', '斤', '10.0');
INSERT INTO `ds_food` VALUES ('762', '14', '桃李面包片', '袋', '7.5');
INSERT INTO `ds_food` VALUES ('763', '14', '燕麦片', '小袋', '22.0');
INSERT INTO `ds_food` VALUES ('764', '14', '真心罐头', '瓶', '18.0');
INSERT INTO `ds_food` VALUES ('765', '14', '蚕豆', '斤', '10.0');
INSERT INTO `ds_food` VALUES ('766', '14', '桂圆', '斤', '6.0');
INSERT INTO `ds_food` VALUES ('767', '14', '绿茶', '件', '42.0');
INSERT INTO `ds_food` VALUES ('768', '14', '不辣锅巴', '袋', '3.0');
INSERT INTO `ds_food` VALUES ('769', '14', '哇哈哈', '件', '26.0');
INSERT INTO `ds_food` VALUES ('770', '14', '听雪碧', '件', '45.0');
INSERT INTO `ds_food` VALUES ('771', '14', '小开味', '件', '46.0');
INSERT INTO `ds_food` VALUES ('772', '14', '尖叫水', '件', '48.0');
INSERT INTO `ds_food` VALUES ('773', '14', '王中王', '件', '28.0');
INSERT INTO `ds_food` VALUES ('774', '14', '鸡肉肠', '件', '26.0');
INSERT INTO `ds_food` VALUES ('775', '14', '双汇肠', '件', '38.0');
INSERT INTO `ds_food` VALUES ('776', '14', '盐水肠', '件', '340.0');
INSERT INTO `ds_food` VALUES ('777', '14', '真心罐头', '件', '165.0');
INSERT INTO `ds_food` VALUES ('778', '14', '大袋薯片', '袋', '24.0');
INSERT INTO `ds_food` VALUES ('779', '14', '麻团', '袋', '5.5');
INSERT INTO `ds_food` VALUES ('780', '14', '白莲子', '斤', '30.0');
INSERT INTO `ds_food` VALUES ('781', '14', '茄汁沙丁鱼', '盒', '10.0');
INSERT INTO `ds_food` VALUES ('782', '14', '苏打水', '件', '48.0');
INSERT INTO `ds_food` VALUES ('783', '14', '香辣鱼罐头', '瓶', '7.5');
INSERT INTO `ds_food` VALUES ('784', '14', '派对水', '件', '29.0');
INSERT INTO `ds_food` VALUES ('785', '14', '百岁山', '件', '42.0');
INSERT INTO `ds_food` VALUES ('786', '14', '葡萄干', '斤', '12.0');
INSERT INTO `ds_food` VALUES ('787', '14', '茉莉花茶水', '件', '35.0');

-- ----------------------------
-- Table structure for ds_kind
-- ----------------------------
DROP TABLE IF EXISTS `ds_kind`;
CREATE TABLE `ds_kind` (
  `kind_id` int(11) NOT NULL AUTO_INCREMENT COMMENT 'id',
  `kind_name` varchar(45) DEFAULT NULL COMMENT '种类名称',
  PRIMARY KEY (`kind_id`)
) ENGINE=InnoDB AUTO_INCREMENT=15 DEFAULT CHARSET=utf8 COMMENT='食材种类';

-- ----------------------------
-- Records of ds_kind
-- ----------------------------
INSERT INTO `ds_kind` VALUES ('1', '蔬菜');
INSERT INTO `ds_kind` VALUES ('2', '水果');
INSERT INTO `ds_kind` VALUES ('3', '鱼类');
INSERT INTO `ds_kind` VALUES ('4', '蛋类');
INSERT INTO `ds_kind` VALUES ('5', '干调');
INSERT INTO `ds_kind` VALUES ('6', '鸡鸭鹅肉');
INSERT INTO `ds_kind` VALUES ('7', '牛羊肉');
INSERT INTO `ds_kind` VALUES ('8', '猪肉');
INSERT INTO `ds_kind` VALUES ('9', '咸菜');
INSERT INTO `ds_kind` VALUES ('10', '米面');
INSERT INTO `ds_kind` VALUES ('11', '豆制品');
INSERT INTO `ds_kind` VALUES ('12', '熟食');
INSERT INTO `ds_kind` VALUES ('13', '冻品');
INSERT INTO `ds_kind` VALUES ('14', '小食品');

-- ----------------------------
-- Table structure for ds_user
-- ----------------------------
DROP TABLE IF EXISTS `ds_user`;
CREATE TABLE `ds_user` (
  `user_id` int(11) NOT NULL AUTO_INCREMENT COMMENT 'id',
  `user_username` varchar(45) DEFAULT NULL COMMENT '用户名',
  `user_password` varchar(45) DEFAULT NULL COMMENT '密码',
  `user_line` int(11) DEFAULT NULL COMMENT '线路',
  `user_role` int(11) DEFAULT NULL COMMENT '角色(0:管理员/1:中队)',
  PRIMARY KEY (`user_id`)
) ENGINE=InnoDB AUTO_INCREMENT=53 DEFAULT CHARSET=utf8 COMMENT='用户';

-- ----------------------------
-- Records of ds_user
-- ----------------------------
INSERT INTO `ds_user` VALUES ('1', '道义中队', '123456', '1', '1');
INSERT INTO `ds_user` VALUES ('2', '虎石台中队', '123456', '1', '1');
INSERT INTO `ds_user` VALUES ('3', '新城子中队', '123456', '1', '1');
INSERT INTO `ds_user` VALUES ('4', '石佛寺中队', '123456', '1', '1');
INSERT INTO `ds_user` VALUES ('5', '兴隆台中队', '123456', '1', '1');
INSERT INTO `ds_user` VALUES ('6', '解放中队', '123456', '1', '1');
INSERT INTO `ds_user` VALUES ('7', '辉山中队', '123456', '2', '1');
INSERT INTO `ds_user` VALUES ('8', '棋盘山中队', '123456', '2', '1');
INSERT INTO `ds_user` VALUES ('9', '植物园中队', '123456', '2', '1');
INSERT INTO `ds_user` VALUES ('10', '汪家中队', '123456', '2', '1');
INSERT INTO `ds_user` VALUES ('11', '大东中队', '123456', '2', '1');
INSERT INTO `ds_user` VALUES ('12', '沈海中队', '123456', '2', '1');
INSERT INTO `ds_user` VALUES ('13', '山嘴子中队', '123456', '2', '1');
INSERT INTO `ds_user` VALUES ('14', '东陵中队', '123456', '3', '1');
INSERT INTO `ds_user` VALUES ('15', '浑南中队', '123456', '3', '1');
INSERT INTO `ds_user` VALUES ('16', '全运村中队', '123456', '3', '1');
INSERT INTO `ds_user` VALUES ('17', '白塔中队', '123456', '3', '1');
INSERT INTO `ds_user` VALUES ('18', '古城子中队', '123456', '3', '1');
INSERT INTO `ds_user` VALUES ('19', '佟沟中队', '123456', '3', '1');
INSERT INTO `ds_user` VALUES ('20', '北陵中队', '123456', '4', '1');
INSERT INTO `ds_user` VALUES ('21', '宁山路中队', '123456', '4', '1');
INSERT INTO `ds_user` VALUES ('22', '皇姑中队', '123456', '4', '1');
INSERT INTO `ds_user` VALUES ('23', '北市中队', '123456', '4', '1');
INSERT INTO `ds_user` VALUES ('24', '南市中队', '123456', '4', '1');
INSERT INTO `ds_user` VALUES ('25', '和平中队', '123456', '4', '1');
INSERT INTO `ds_user` VALUES ('26', '于洪中队', '123456', '5', '1');
INSERT INTO `ds_user` VALUES ('27', '开发区中队', '123456', '5', '1');
INSERT INTO `ds_user` VALUES ('28', '苏家屯中队', '123456', '5', '1');
INSERT INTO `ds_user` VALUES ('29', '中兴中队', '123456', '5', '1');
INSERT INTO `ds_user` VALUES ('30', '长白中队', '123456', '5', '1');
INSERT INTO `ds_user` VALUES ('31', '奥体中队', '123456', '5', '1');
INSERT INTO `ds_user` VALUES ('32', '丁香中队', '123456', '6', '1');
INSERT INTO `ds_user` VALUES ('33', '苗圃中队', '123456', '6', '1');
INSERT INTO `ds_user` VALUES ('34', '启工中队', '123456', '6', '1');
INSERT INTO `ds_user` VALUES ('35', '铁西中队', '123456', '6', '1');
INSERT INTO `ds_user` VALUES ('36', '十一路中队', '123456', '6', '1');
INSERT INTO `ds_user` VALUES ('37', '滑翔中队', '123456', '6', '1');
INSERT INTO `ds_user` VALUES ('38', '于洪新城中队', '123456', '6', '1');
INSERT INTO `ds_user` VALUES ('39', '沙岭中队', '123456', '7', '1');
INSERT INTO `ds_user` VALUES ('40', '十里河中队', '123456', '7', '1');
INSERT INTO `ds_user` VALUES ('41', '彰驿中队', '123456', '7', '1');
INSERT INTO `ds_user` VALUES ('42', '翟家中队', '123456', '7', '1');
INSERT INTO `ds_user` VALUES ('43', '细河中队', '123456', '7', '1');
INSERT INTO `ds_user` VALUES ('44', '战保大队', '123456', '7', '1');
INSERT INTO `ds_user` VALUES ('45', '特勤中队', '123456', '8', '1');
INSERT INTO `ds_user` VALUES ('46', '轮训队中队', '123456', '8', '1');
INSERT INTO `ds_user` VALUES ('47', '支队', '123456', '8', '1');
INSERT INTO `ds_user` VALUES ('48', '北站中队', '123456', '8', '1');
INSERT INTO `ds_user` VALUES ('49', '沈河中队', '123456', '8', '1');
INSERT INTO `ds_user` VALUES ('50', '文萃路中队', '123456', '8', '1');
INSERT INTO `ds_user` VALUES ('51', '南湖中队', '123456', '8', '1');
INSERT INTO `ds_user` VALUES ('52', 'admin', 'admin', null, '0');
